id,headline,status,category,era,date,region,country,tags,wow,relevance,timely,amount_original,amount_today,source_1,source_2,used_in,checked_on,card_file
REG-0002,"In 1294 Tabriz was ordered to use Chinese-style paper money on pain of death, and the bazaar shut down until the order was withdrawn",Verified,crashes-crises,medieval,1294-09-12,iran-middle-east,"Iran (Ilkhanate, Tabriz)",čāv;chao;paper money;Gaykhatu;Ilkhanate;Tabriz;bazaar;Sadr al-Din Zanjani,5,5,anniversary:09-12,,,https://www.iranicaonline.org/articles/cav-cao-from-chinese-chao-paper-money-assignat-mathews-chinese-english-dictionary-no/,https://www.iranicaonline.org/articles/economy-5-part2/,SK-2026-10-05,2026-10-01,cards/REG-0002.md
CON-0001,"A con man got Portugal's own banknote printer to print 580,000 notes for him, and duplicate serial numbers gave it away",Verified,cons-fraud,industrial,1924–1925,europe,Portugal,Alves dos Reis;Waterlow & Sons;Banco de Portugal;Banco Angola e Metrópole;500 escudo note;Vasco da Gama note;fraud,5,4,anniversary:12-05,"580,000 notes of 500 escudos printed and delivered (290,000,000 escudos face value), per House of Lords judgment; note issue increased by about 104,859,000 escudos (≈ £1.09M at 1925 rates) through exchanged notes","≈ 0.9% of Portugal's GDP in 1925 (LSE, Wigan 2004, using Bank of Portugal GDP data). In plain inflation terms, the ≈ £1.0M injected ≈ £78M in 2024 pounds (UK RPI, MeasuringWorth) — a sterling proxy only, not a Portuguese measure. Prefer the share-of-GDP framing.",https://lawcarenigeria.com/waterlow-sons-ltd-v-banco-de-portugal-1932-ukhl-1-28-april-1932/,https://www.lse.ac.uk/Economic-History/Assets/Documents/WorkingPapers/Economic-History/2004/WP8204.pdf,,2026-10-01,cards/CON-0001.md
ODD-0001,"On Yap, a giant stone lying at the bottom of the sea still counted as a family's wealth",Verified,oddities-records,industrial,1910,southeast-asia-oceania,Micronesia (Yap),rai stones;fei;stone money;Yap;Uap;Milton Friedman;Furness,5,3,evergreen,,,https://archive.org/details/cu31924023500543,https://archive.org/details/IslandOfStoneMoney,,2026-10-01,cards/ODD-0001.md
CON-0002,"The great salad oil swindle — tanks of ""soybean oil"" that were mostly seawater nearly sank American Express",Verified,cons-fraud,post-war,1963,americas,United States,Tino De Angelis;Allied Crude Vegetable Oil;American Express;warehouse receipts;collateral fraud;Bayonne;Ira Haupt,5,3,anniversary:11-18,"more than $180,000,000 in losses (1963); $60,000,000 American Express settlement; stock fell roughly 40%",,https://tontinecoffeehouse.com/2021/11/15/salad-oil-and-american-express/,https://en.wikipedia.org/wiki/Salad_oil_scandal,,2026-10-01,cards/CON-0002.md
CON-0003,A counterfeiter hand-painted $50 bills for 18 years — a wet bar counter ended it,Verified,cons-fraud,industrial,1878–1896,americas,United States,Emanuel Ninger;Jim the Penman;counterfeiting;hand-drawn notes;Secret Service,5,3,evergreen,"$10, $20, $50 and $100 notes; confessed to about 390 notes, estimates up to ~700 (1878–1896)",,https://numismatics.org/kings-of-counterfeiting/,https://en.wikipedia.org/wiki/Emanuel_Ninger,,2026-10-01,cards/CON-0003.md
REG-0005,Iran's crown jewels were once part of the reserve backing its banknotes,Needs-2nd-source,banking,industrial,1930s,iran-middle-east,Iran,national jewels;Treasury of National Jewels;Bank Melli;Central Bank of Iran;currency reserve,5,5,evergreen,,,https://www.iranicaonline.org/articles/crown-jewels,https://www.tehrantimes.com/news/453928/Treasury-of-National-Jewels-simply-jaw-dropping,,2026-10-01,cards/REG-0005.md
REG-0006,"A Bronze Age ship sank off Kaş carrying 354 slabs of Cypriot copper, the bulk wealth of its day",Verified,origins-of-money,ancient,c. 1320 BC,turkiye-cyprus,"Türkiye (Uluburun, Kaş) / Cyprus",Uluburun;oxhide ingot;copper;Cyprus;Kaş;Bodrum;Bronze Age trade;pre-coinage,5,5,evergreen,"354 copper oxhide ingots; over ten tons of Cypriot copper, one ton of tin",,https://nauticalarch.org/projects/uluburun-late-bronze-age-shipwreck-excavation/,https://www.metmuseum.org/art/collection/search/248493,,2026-10-01,cards/REG-0006.md
ODD-0003,Hungary printed a 100-quintillion-pengő note — the highest-denomination banknote ever issued,Verified,oddities-records,post-war,1946,europe,Hungary,hyperinflation;pengő;record banknote;forint;Guinness,5,4,anniversary:07-11,"100,000,000,000,000,000,000 pengő; dated 3 June 1946, circulated from 11 July 1946, withdrawn 31 July 1946; forint introduced Aug 1946 at 1 forint = 400 octillion pengő",,https://www.guinnessworldrecords.com/world-records/highest-denomination-banknote,https://penzmuzeum.hu/,,2026-10-01,cards/ODD-0003.md
ODD-0007,"Roman soldiers were not paid in salt — the ""salary"" story has no ancient evidence",Myth,myths,ancient,c. 77,europe,Roman Empire,salary;salarium;salt;Roman army;Pliny;etymology,4,5,evergreen,,,https://kiwihellenist.blogspot.com/2017/01/salt-and-salary.html,https://penelope.uchicago.edu/Thayer/E/Roman/Texts/secondary/SMIGRA*/Salarium.html,,2026-10-01,cards/ODD-0007.md
WIR-0002,A trading-bot company allegedly forged its own SEC certificate to convince investors it was real — the bots never existed,Verified,cons-fraud,digital,2026-09-29,global-online,unclear (likely overseas per SEC),SEC;TSAI;AI trading bot;fake SEC certificate;Form D;crypto fraud;recruitment commission,5,3,news-peg,"$2,800,000 raised Sept 2024–Mar 2025 from about 1,715 investors, per SEC civil complaint; bot ""rental"" fees ranged $100–$500,000",,https://www.sec.gov/newsroom/press-releases/2026-95-sec-charges-multiple-entities-fraud-schemes-totaling-least-15-million-used-whatsapp-other-platforms,https://www.sec.gov/enforcement-litigation/litigation-releases/lr-26654,SK-2026-10-08,2026-10-01,cards/WIR-0002.md
CRY-0002,"A hacker tested Bitget's defenses with a tiny transfer, then stole $388 million in just over an hour",Verified,crypto-fintech,digital,2026-09-24,global-online,Global (Bitget exchange),Bitget;exchange hack;hot wallet;zero-day;North Korea allegation,5,3,news-peg,"$388,000,000 stolen 24 Sept 2026 from hot/warm wallets; ~$361,000,000 drained across 17 transactions on 8 chains over ~71 minutes (6:58–8:09pm UTC), after two probe transfers (0.184 ETH, 193 TRX) went undetected; Bitget's own systems flagged a discrepancy 7 minutes after the large transfers began",,https://thehackernews.com/2026/09/bitget-says-attacker-exploited-third.html,https://www.theblock.co/news/regulation/2026-09-28-bitget-attacker-tested-risk-controls-small-transfers-388-million-theft-ceo-says-417045,,2026-10-01,cards/CRY-0002.md
LCK-0002,In 1933 the US made it illegal for citizens to own more than a handful of gold coins,Verified,money-lock,industrial,1933-04-05,americas,United States,gold confiscation;Executive Order 6102;Roosevelt;Great Depression;hoarding;Trading with the Enemy Act,5,3,evergreen,"$20.67 paid per troy ounce surrendered (1933); $100 aggregate exemption per person (~5 oz); fines up to $10,000 and/or up to 10 years' imprisonment; gold price raised to $35/oz by the Gold Reserve Act (1934); order repealed effective 31 Dec 1974 (Public Law 93-373)","≈$530/oz and ≈$2,600 exemption in 2026 dollars (US CPI/BLS, ~25.6× since 1933) — context only; actual 2026 gold prices ($2,600–$4,000+/oz) are far higher because gold itself has outpaced general inflation",https://www.presidency.ucsb.edu/documents/executive-order-6102-forbidding-the-hoarding-gold-coin-gold-bullion-and-gold-certificates,https://www.federalreservehistory.org/essays/gold-reserve-act,,2026-10-01,cards/LCK-0002.md
